Id,Area,Bedrooms,Bathrooms,Floors,YearBuilt,Location,Condition,Garage,Price
1,3219,1,1,3,2007,Urban,Excellent,Yes,1299445
2,1019,6,5,1,2017,Urban,Excellent,Yes,1141508
3,1552,5,5,1,2002,Rural,Average,No,798886
4,2439,5,3,1,2000,Rural,Good,No,989790
5,1236,2,2,1,1995,Suburban,Excellent,No,712461
6,2008,5,3,1,2019,Rural,Excellent,No,1017924
7,2861,3,3,2,2002,Rural,Excellent,Yes,1150756
8,1533,3,1,1,1996,Suburban,Good,No,727920
9,4016,3,2,2,2012,Urban,Average,No,1427514
10,4436,6,1,3,2000,Rural,Average,Yes,1451628
11,2493,4,3,3,2004,Rural,Good,Yes,1064470
12,3966,1,1,2,2007,Urban,Excellent,No,1354454
13,3284,4,4,3,2019,Urban,Good,Yes,1509642
14,3651,5,5,2,2017,Rural,Good,No,1405593
15,1166,5,4,1,1993,Urban,Excellent,Yes,1035429
16,3387,4,4,1,2014,Suburban,Average,No,1280816
17,1629,5,1,3,1997,Rural,Average,No,761750
18,3225,3,1,2,2017,Urban,Good,Yes,1354823
19,4187,6,3,3,2001,Rural,Excellent,No,1575299
20,3217,5,5,1,1999,Suburban,Excellent,Yes,1437992
21,1927,4,1,1,2013,Suburban,Excellent,Yes,1016725
22,4196,5,1,1,2021,Urban,Average,Yes,1560534
23,3302,4,4,1,2006,Rural,Average,No,1119320
24,4404,5,2,3,2009,Suburban,Average,No,1518591
25,4284,5,4,1,2005,Urban,Excellent,No,1668858
26,3009,5,2,3,2004,Urban,Excellent,Yes,1437983
27,876,1,1,1,2022,Urban,Good,No,649760
28,2808,2,2,3,2020,Urban,Good,No,1195238
29,986,1,1,2,2017,Suburban,Good,Yes,669049
30,3276,6,1,1,2015,Rural,Good,Yes,1272015
31,1384,2,2,2,1998,Suburban,Excellent,No,756798
32,1623,1,1,3,1996,Urban,Average,Yes,742172
33,4394,2,2,2,2021,Suburban,Excellent,No,1539822
34,840,2,2,1,2014,Suburban,Good,No,613522
35,3453,6,5,3,2021,Urban,Excellent,No,1692927
36,839,5,5,1,2010,Urban,Excellent,No,992534
37,4365,5,2,1,2022,Urban,Excellent,Yes,1782296
38,878,6,2,2,1997,Rural,Excellent,Yes,811751
39,935,4,4,3,2023,Suburban,Good,Yes,946591
40,3533,3,2,2,2015,Urban,Average,No,1317224
41,1895,1,1,2,1996,Urban,Average,Yes,804053
42,1686,2,2,1,2005,Suburban,Good,Yes,814636
43,4015,5,3,3,2023,Urban,Average,No,1623775
44,1024,2,2,1,1996,Rural,Average,Yes,472128
45,1754,5,2,3,2011,Urban,Average,No,1038002
46,2601,3,1,1,2017,Suburban,Excellent,Yes,1137079
47,3758,2,2,1,2018,Rural,Average,No,1130519
48,639,1,1,3,1999,Rural,Excellent,No,459755
49,2863,2,2,1,1992,Suburban,Good,Yes,1051771
50,2065,2,2,3,1996,Suburban,Average,No,813975
51,3669,2,2,1,2001,Suburban,Excellent,Yes,1314451
52,4386,3,3,3,2005,Suburban,Excellent,Yes,1594990
53,4172,1,1,1,2002,Suburban,Good,No,1244614
54,3857,2,2,1,2002,Suburban,Good,No,1258186
55,884,3,3,3,2022,Suburban,Average,No,699288
56,1072,3,2,3,2006,Urban,Excellent,No,877494
57,3584,3,3,3,2022,Urban,Good,Yes,1508173
58,781,6,4,1,2023,Rural,Average,Yes,792689
59,2366,1,1,3,2010,Rural,Excellent,No,878754
60,1866,6,4,2,2015,Rural,Good,Yes,1073092
61,2322,6,4,3,2001,Rural,Average,No,1046452
62,2844,1,1,2,2003,Suburban,Average,No,898153
63,2409,4,2,3,2020,Rural,Excellent,Yes,1143578
64,2711,6,5,2,1995,Urban,Average,No,1281142
65,3903,2,2,1,1992,Urban,Good,Yes,1341506
66,2297,6,5,1,2014,Suburban,Good,Yes,1256011
67,3287,6,1,1,2017,Urban,Excellent,No,1459431
68,2883,2,1,2,1998,Suburban,Average,No,955756
69,4251,4,4,3,2022,Suburban,Average,No,1577019
70,1251,6,4,2,2006,Urban,Average,No,1009408
71,3785,5,4,3,2005,Suburban,Good,Yes,1554462
72,1770,2,2,2,2010,Rural,Excellent,Yes,829284
73,1547,4,2,3,2003,Urban,Good,No,959024
74,2822,4,4,1,2003,Suburban,Good,Yes,1243986
75,4207,5,4,2,1990,Suburban,Good,No,1521471
76,4252,4,4,3,2024,Rural,Excellent,No,1570820
77,1717,4,4,1,2014,Suburban,Average,No,926199
78,1276,4,2,3,2024,Urban,Good,Yes,1017221
79,3232,4,2,2,2001,Urban,Good,No,1296493
80,1466,4,3,2,2014,Suburban,Good,No,933236
81,935,4,1,3,2024,Urban,Good,Yes,949307
82,881,6,1,1,2005,Urban,Excellent,Yes,944453
83,1117,4,1,3,2003,Suburban,Average,No,712999
84,2110,2,2,3,1997,Urban,Good,Yes,1025124
85,705,3,3,3,2014,Suburban,Average,Yes,681080
86,3025,6,2,1,2009,Rural,Average,Yes,1198681
87,2918,1,1,3,2017,Rural,Good,Yes,1018118
88,3252,3,1,2,2021,Urban,Good,No,1321093
89,4251,4,2,2,2001,Rural,Average,No,1299584
90,3910,5,4,2,2017,Rural,Average,No,1379322
91,4088,2,1,2,2018,Urban,Good,No,1423406
92,717,4,3,1,2021,Urban,Good,No,829044
93,1745,5,3,3,1990,Rural,Excellent,Yes,954717
94,3549,4,4,3,2005,Rural,Good,No,1295151
95,3847,1,1,2,2004,Suburban,Average,Yes,1162407
96,3319,5,3,2,2023,Suburban,Good,No,1395236
97,3478,4,3,2,2006,Urban,Excellent,Yes,1509839
98,1089,6,5,3,2001,Urban,Excellent,No,1096700
99,3567,5,5,3,2008,Urban,Excellent,No,1616648
100,2078,2,2,1,2024,Urban,Good,Yes,1041733
101,2866,3,2,3,2021,Urban,Excellent,No,1340282
102,2560,4,3,1,1993,Suburban,Good,Yes,1114078
103,867,4,4,1,1993,Urban,Excellent,No,823322
104,1616,1,1,2,2004,Rural,Good,No,631059
105,2413,3,3,2,2009,Rural,Average,Yes,956812
106,3631,1,1,3,2003,Suburban,Average,Yes,1126112
107,1582,2,2,1,2000,Urban,Good,No,828218
108,3032,4,3,1,2004,Suburban,Average,No,1144110
109,4120,4,1,3,2004,Suburban,Average,Yes,1405261
110,1070,5,2,3,1999,Suburban,Excellent,Yes,890308
111,1279,3,3,3,2008,Suburban,Excellent,No,893513
112,1845,6,4,2,2022,Rural,Good,No,1039171
113,3049,1,1,3,2010,Rural,Good,Yes,991765
114,1537,6,5,3,1991,Rural,Good,Yes,997151
115,3697,2,2,3,2018,Suburban,Excellent,No,1381941
116,3935,4,1,2,2012,Suburban,Good,No,1397617
117,1028,2,2,2,2021,Suburban,Average,No,673477
118,3715,5,1,2,1995,Suburban,Good,No,1294897
119,3764,4,4,1,2024,Suburban,Good,Yes,1491373
120,2723,3,3,2,2018,Urban,Excellent,No,1307053
121,1136,3,3,3,2021,Urban,Excellent,Yes,1055436
122,1248,3,3,1,2016,Urban,Excellent,Yes,993801
123,4479,1,1,2,2008,Rural,Average,No,1184609
124,4019,4,4,1,2019,Rural,Excellent,No,1447671
125,4375,5,5,3,1998,Urban,Good,No,1701774
126,4426,5,3,1,2008,Rural,Good,No,1497425
127,1208,4,4,2,2012,Suburban,Average,No,813601
128,4420,3,2,3,2005,Rural,Good,Yes,1453499
129,3776,4,1,2,2020,Rural,Good,No,1304215
130,3845,6,2,2,1992,Urban,Average,No,1470896
131,1011,4,1,3,2019,Urban,Average,Yes,870288
132,4167,6,2,1,2020,Suburban,Good,No,1584327
133,928,3,3,2,2010,Rural,Average,No,601332
134,2816,1,1,1,2005,Rural,Average,No,769428
135,3658,1,1,1,1996,Suburban,Excellent,No,1172966
136,718,1,1,1,2008,Suburban,Good,No,464500
137,1600,5,4,3,2001,Urban,Excellent,Yes,1200943
138,4166,4,4,3,2005,Suburban,Average,Yes,1496736
139,2488,6,3,2,2006,Rural,Excellent,No,1200421
140,1778,6,5,1,1994,Suburban,Good,No,1044033
141,2337,6,3,2,2009,Urban,Good,No,1247129
142,1571,4,4,2,2008,Rural,Good,Yes,922017
143,3296,4,3,1,1993,Rural,Average,No,1076700
144,4303,3,2,3,2012,Urban,Average,Yes,1560350
145,1626,6,2,3,1996,Rural,Average,Yes,856966
146,3830,4,1,3,2013,Rural,Excellent,Yes,1439213
147,1808,3,3,1,2002,Urban,Average,No,895549
148,2655,3,2,2,2020,Suburban,Average,No,1076806
149,1071,4,1,1,2004,Rural,Average,No,572046
150,3895,5,3,1,2015,Urban,Good,Yes,1611704
151,2109,6,3,3,2014,Rural,Good,Yes,1149206
152,1557,4,1,3,2010,Rural,Excellent,Yes,909181
153,3974,4,3,3,2016,Urban,Excellent,Yes,1665718
154,1846,4,1,1,2005,Rural,Excellent,No,840849
155,2119,6,5,2,1999,Suburban,Average,Yes,1166816
156,2604,5,4,2,1992,Rural,Good,Yes,1109937
157,2421,2,2,1,2013,Rural,Average,No,783588
158,2230,3,2,1,2019,Urban,Average,Yes,1083654
159,3219,5,1,1,2011,Urban,Excellent,Yes,1421676
160,3998,5,2,3,2003,Urban,Good,Yes,1628244
161,4288,5,1,2,1999,Urban,Average,No,1511691
162,1314,1,1,1,1990,Suburban,Excellent,No,575114
163,1313,3,1,1,2016,Rural,Excellent,Yes,769071
164,2436,3,3,3,1996,Suburban,Average,Yes,1025231
165,777,6,5,2,2019,Rural,Excellent,Yes,958330
166,4070,4,4,3,1996,Suburban,Average,No,1379216
167,4283,1,1,3,1999,Urban,Excellent,No,1444175
168,3193,5,5,3,2010,Suburban,Average,No,1347194
169,2670,5,4,1,1997,Rural,Average,Yes,1058585
170,2449,2,2,2,2019,Suburban,Good,Yes,1055263
171,2348,3,3,2,1999,Rural,Good,Yes,928538
172,4006,1,1,2,1996,Rural,Average,No,1058520
173,1132,5,1,3,2011,Rural,Excellent,No,801213
174,4178,6,4,3,1993,Suburban,Average,No,1509205
175,1024,5,5,1,1999,Rural,Good,Yes,821807
176,1043,3,3,2,1997,Suburban,Average,Yes,710362
177,2357,5,5,3,1991,Rural,Average,No,969437
178,1338,3,3,2,2012,Urban,Excellent,Yes,1029474
179,3292,4,1,1,1991,Urban,Average,Yes,1207894
180,2319,4,3,1,2013,Suburban,Average,No,1028090
181,4456,5,5,1,1993,Urban,Excellent,Yes,1781489
182,934,3,3,3,2017,Suburban,Average,No,715623
183,1718,2,2,1,2012,Suburban,Excellent,No,875407
184,3379,5,4,3,2009,Urban,Excellent,No,1573657
185,824,1,1,2,2003,Urban,Good,No,594783
186,1091,1,1,3,2017,Urban,Excellent,No,807923
187,3482,2,2,3,2012,Urban,Good,Yes,1377628
188,676,4,1,2,2017,Rural,Good,No,585693
189,1071,4,1,2,2000,Rural,Good,No,591395
190,2388,1,1,2,2015,Rural,Excellent,No,902410
191,1870,6,3,1,2011,Urban,Excellent,Yes,1265173
192,2688,2,2,2,1999,Urban,Excellent,Yes,1174135
193,1408,2,2,1,1994,Urban,Average,No,691165
194,3690,5,5,2,2010,Rural,Good,Yes,1450620
195,879,4,4,3,2009,Suburban,Average,Yes,797444
196,2678,1,1,2,2018,Urban,Excellent,No,1155666
197,1775,1,1,3,2022,Suburban,Good,Yes,872973
198,4323,5,2,2,2020,Rural,Excellent,Yes,1600585
199,1023,3,1,3,2001,Urban,Excellent,No,822857
200,2746,5,5,1,2013,Suburban,Good,No,1267909
201,3772,3,3,1,2011,Urban,Good,Yes,1475406
202,3378,4,3,2,1999,Suburban,Excellent,Yes,1372085
203,1870,6,4,1,1995,Suburban,Average,No,978571
204,3842,3,2,3,2023,Urban,Average,No,1445564
205,2082,1,1,2,2001,Urban,Good,No,854623
206,1527,2,2,1,2008,Urban,Average,Yes,836320
207,1979,5,2,3,2014,Urban,Excellent,Yes,1290863
208,3437,5,2,3,2018,Urban,Good,No,1507466
209,3547,2,2,3,2008,Rural,Good,Yes,1202336
210,1579,3,3,1,2013,Rural,Average,No,704636
211,3751,3,3,3,2023,Suburban,Excellent,Yes,1554731
212,3076,2,2,1,2020,Suburban,Average,Yes,1138342
213,4064,5,1,2,1995,Urban,Good,No,1513410
214,2702,2,2,1,2004,Suburban,Good,Yes,1032630
215,818,4,4,2,2005,Suburban,Excellent,No,804675
216,715,3,1,3,2011,Urban,Excellent,Yes,835100
217,4357,4,2,3,2020,Suburban,Average,Yes,1582906
218,924,1,1,1,1999,Rural,Average,No,321566
219,3779,3,2,2,1997,Urban,Excellent,No,1431254
220,3851,5,4,1,1997,Suburban,Average,Yes,1421635
221,2710,5,2,3,1999,Suburban,Good,Yes,1227492
222,2045,2,2,2,2001,Rural,Average,Yes,758207
223,2077,1,1,3,2022,Rural,Average,Yes,785528
224,4177,4,1,3,2014,Suburban,Good,Yes,1513342
225,3829,1,1,1,1996,Rural,Average,No,950123
226,781,3,3,2,2001,Rural,Good,No,577221
227,1346,2,1,3,2019,Urban,Good,Yes,879990
228,3840,2,1,2,2009,Rural,Good,No,1147401
229,749,6,2,2,2012,Urban,Average,No,830685
230,1109,3,3,2,2018,Suburban,Good,Yes,848499
231,3434,4,3,3,2007,Urban,Average,No,1343652
232,2363,5,2,3,2008,Suburban,Excellent,Yes,1228350
233,3307,3,3,2,2017,Urban,Average,No,1298578
234,2431,1,1,3,2017,Suburban,Average,Yes,912737
235,3349,6,4,2,2022,Rural,Average,Yes,1356820
236,1184,5,4,1,1998,Urban,Excellent,No,981213
237,2168,5,1,3,1999,Rural,Good,No,922340
238,2418,1,1,1,2023,Suburban,Good,No,931529
239,1741,2,1,1,2001,Suburban,Average,No,701889
240,2900,1,1,2,2018,Urban,Average,No,1075480
241,4353,4,2,1,1998,Urban,Good,Yes,1593555
242,3521,4,1,3,2010,Rural,Good,Yes,1275664
243,2820,3,3,1,2001,Suburban,Average,Yes,1047353
244,1423,2,2,2,1991,Suburban,Average,No,617691
245,3891,5,2,3,1995,Urban,Good,No,1518004
246,3544,4,4,2,2016,Rural,Excellent,Yes,1414456
247,3231,1,1,2,2023,Suburban,Excellent,Yes,1253137
248,1128,4,4,1,1997,Rural,Excellent,No,721950
249,1263,3,2,2,2023,Suburban,Excellent,No,862724
250,3201,5,3,1,2009,Rural,Average,Yes,1198156
251,3225,2,2,3,1999,Urban,Average,No,1185716
252,4384,5,1,1,1995,Urban,Average,No,1482152
253,1463,5,4,3,1991,Suburban,Average,No,872928
254,1837,4,2,3,2015,Suburban,Good,Yes,1054268
255,845,2,2,2,2020,Suburban,Excellent,No,735658
256,1188,3,3,3,2012,Suburban,Excellent,No,878109
257,2900,1,1,1,2019,Urban,Good,No,1085247
258,1177,1,1,2,2014,Rural,Good,Yes,621648
259,4295,2,2,3,2010,Urban,Excellent,No,1563633
260,2512,4,3,2,1991,Urban,Good,No,1122416
261,1481,5,3,1,1993,Suburban,Good,No,841546
262,2798,1,1,2,1998,Suburban,Average,No,887620
263,2251,3,1,2,1993,Rural,Average,Yes,780978
264,2866,3,1,2,2022,Suburban,Average,No,1102607
265,3152,6,5,1,1998,Urban,Good,No,1462534
266,1988,5,3,1,2002,Rural,Average,No,853133
267,764,1,1,1,2011,Suburban,Average,No,426840
268,3083,5,2,2,2010,Urban,Good,No,1367170
269,1977,5,5,3,2021,Rural,Average,No,1035062
270,3941,1,1,2,1997,Suburban,Average,No,1137236
271,4281,6,1,3,2020,Suburban,Average,Yes,1624097
272,810,5,4,1,2023,Rural,Average,No,684884
273,3965,6,2,1,1997,Urban,Excellent,No,1575858
274,2315,2,2,3,2003,Suburban,Average,No,913500
275,4074,6,1,3,1998,Rural,Excellent,No,1466679
276,2559,5,4,2,2001,Suburban,Average,No,1122780
277,2051,6,3,3,2020,Urban,Excellent,No,1342794
278,1822,2,2,2,2003,Rural,Average,No,653617
279,2565,3,3,3,2007,Suburban,Excellent,No,1186004
280,2216,3,2,2,1992,Suburban,Average,Yes,888219
281,4384,4,3,3,2020,Urban,Excellent,No,1756312
282,3451,3,2,1,2005,Urban,Excellent,Yes,1416028
283,1553,1,1,2,2011,Rural,Good,Yes,680302
284,3757,2,1,3,2000,Suburban,Average,No,1162830
285,3264,2,2,2,2008,Rural,Excellent,Yes,1182829
286,2951,2,2,3,1992,Urban,Good,Yes,1154601
287,4025,4,4,1,2008,Urban,Excellent,No,1609721
288,3068,1,1,2,2019,Rural,Average,No,949238
289,4444,2,2,2,2007,Urban,Excellent,No,1536329
290,3594,4,3,3,2001,Urban,Average,No,1401503
291,1808,5,2,1,2015,Suburban,Average,No,898444
292,2241,6,1,1,1998,Suburban,Good,Yes,1050467
293,1668,4,2,2,2007,Suburban,Good,Yes,932101
294,3277,3,2,1,1997,Suburban,Good,Yes,1180509
295,3410,5,3,3,1997,Rural,Good,No,1263480
296,1504,2,2,2,1999,Suburban,Average,No,664132
297,3475,5,4,3,2003,Urban,Average,Yes,1495939
298,2429,5,3,1,1997,Urban,Average,Yes,1164912
299,2798,2,2,2,2023,Suburban,Excellent,Yes,1234543
300,2988,4,1,3,2018,Urban,Good,Yes,1367996
301,2301,4,4,1,2019,Rural,Good,Yes,1073168
302,1642,1,1,3,1994,Urban,Good,No,788140
303,861,5,1,1,2020,Urban,Good,No,836215
304,3749,2,2,2,2014,Suburban,Good,No,1256039
305,3396,6,5,1,2012,Urban,Excellent,No,1614778
306,1121,6,2,1,1991,Suburban,Good,No,790480
307,2153,2,2,2,2012,Urban,Good,Yes,1089017
308,3569,1,1,3,2016,Rural,Excellent,Yes,1197685
309,875,1,1,1,2018,Rural,Average,Yes,445538
310,3633,1,1,2,2004,Rural,Excellent,Yes,1134443
311,2663,3,2,3,2010,Rural,Average,No,936385
312,1836,2,2,1,2016,Suburban,Good,Yes,899405
313,4485,5,2,3,2017,Rural,Good,Yes,1582271
314,4456,6,4,3,2010,Rural,Good,No,1595099
315,1828,4,2,3,2020,Urban,Excellent,No,1183359
316,3498,2,2,1,2016,Suburban,Average,Yes,1194015
317,1594,3,2,2,1995,Suburban,Good,Yes,835783
318,3567,2,1,2,2014,Rural,Average,Yes,1137993
319,898,2,2,3,2003,Suburban,Excellent,No,684429
320,4323,1,1,1,1997,Rural,Good,Yes,1209648
321,3075,6,2,2,2005,Rural,Good,No,1201447
322,2509,5,3,2,2006,Suburban,Average,No,1096520
323,1003,6,4,2,2003,Suburban,Good,No,865656
324,2904,2,2,1,2006,Rural,Average,No,877225
325,1224,2,2,1,2014,Rural,Excellent,No,676366
326,3281,6,3,2,2021,Rural,Average,No,1286020
327,1289,6,3,1,1998,Rural,Average,No,712641
328,4355,5,1,3,1992,Urban,Average,Yes,1571191
329,626,4,2,3,2004,Urban,Average,Yes,729319
330,1495,5,4,2,1993,Rural,Average,No,774106
331,2598,1,1,3,2016,Urban,Excellent,No,1135670
332,1774,1,1,3,2017,Urban,Excellent,Yes,1007646
333,1209,2,2,3,2023,Suburban,Good,No,805076
334,2225,1,1,2,2019,Rural,Excellent,Yes,895159
335,3401,1,1,1,2015,Suburban,Good,No,1076897
336,3208,1,1,1,2021,Suburban,Average,No,1031843
337,4114,1,1,1,2004,Urban,Average,No,1233846
338,790,1,1,3,1992,Urban,Good,Yes,610376
339,3004,2,2,1,2009,Urban,Average,Yes,1159018
340,4018,4,4,2,2014,Rural,Excellent,Yes,1522779
341,3653,3,1,1,2017,Urban,Excellent,No,1426320
342,3749,5,5,2,2010,Urban,Average,No,1556130
343,2445,4,2,2,2014,Suburban,Excellent,No,1129516
344,3762,5,3,1,1994,Urban,Good,Yes,1493543
345,3515,6,2,3,2014,Suburban,Good,Yes,1480297
346,621,3,3,2,2007,Urban,Excellent,Yes,826900
347,2365,4,4,3,2022,Suburban,Excellent,Yes,1279173
348,2049,5,1,3,2010,Suburban,Excellent,No,1092899
349,2188,1,1,1,2023,Urban,Average,No,879468
350,1168,3,3,2,2021,Urban,Excellent,Yes,1019446
351,1730,4,3,2,1994,Suburban,Good,Yes,953844
352,3160,4,4,3,2002,Suburban,Excellent,Yes,1388166
353,627,4,3,3,2014,Suburban,Good,No,747160
354,3940,6,5,1,2009,Suburban,Average,Yes,1559192
355,1886,2,2,2,2008,Rural,Average,No,704660
356,3802,2,2,2,2007,Suburban,Good,Yes,1321392
357,1418,5,5,1,1991,Rural,Good,Yes,849694
358,3867,3,1,2,2021,Urban,Average,No,1370601
359,1634,6,2,3,2017,Suburban,Excellent,No,1121666
360,2562,5,4,3,2022,Rural,Good,Yes,1268460
361,2072,6,5,3,1995,Urban,Excellent,No,1281741
362,3250,5,1,3,2015,Suburban,Good,Yes,1340691
363,1003,3,2,3,2023,Rural,Average,Yes,686874
364,2132,4,4,3,2022,Urban,Good,Yes,1283678
365,1028,3,3,1,1997,Rural,Excellent,No,629600
366,2005,4,2,3,2020,Suburban,Good,Yes,1094815
367,3557,6,4,2,1994,Suburban,Excellent,Yes,1500020
368,4078,3,1,3,2000,Rural,Excellent,Yes,1368329
369,1255,3,3,2,2019,Urban,Good,Yes,954315
370,3223,6,4,2,1991,Rural,Average,Yes,1232523
371,3025,4,4,1,2003,Urban,Good,Yes,1360337
372,1016,5,2,2,2010,Urban,Good,Yes,940713
373,3347,4,4,3,2010,Rural,Good,No,1279809
374,1067,3,3,2,2001,Rural,Average,No,579010
375,3017,1,1,2,1997,Urban,Good,Yes,1093736
376,2129,6,2,3,2014,Suburban,Average,Yes,1147050
377,2171,4,2,2,2024,Rural,Average,Yes,979986
378,1283,4,3,1,2001,Suburban,Good,Yes,867982
379,2070,1,1,1,2002,Suburban,Average,No,695213
380,3404,4,4,3,2018,Suburban,Excellent,Yes,1522933
381,726,2,2,1,2007,Urban,Average,No,573743
382,3797,4,4,3,2021,Rural,Average,Yes,1411873
383,1067,3,3,2,2024,Urban,Average,No,846545
384,1495,4,1,3,2005,Suburban,Excellent,No,891123
385,2027,1,1,1,2005,Urban,Average,No,817369
386,3511,5,4,1,1998,Urban,Excellent,Yes,1556780
387,2036,5,3,3,2024,Urban,Good,No,1227881
388,2945,3,3,3,1996,Urban,Good,Yes,1265074
389,4151,6,2,3,1998,Urban,Excellent,No,1704515
390,1613,6,4,2,1999,Rural,Average,No,872004
391,2296,4,4,1,1995,Suburban,Average,No,975648
392,4435,3,3,2,2010,Rural,Excellent,Yes,1533602
393,2477,6,3,1,2024,Suburban,Excellent,No,1329997
394,1467,4,3,2,2008,Suburban,Average,Yes,881842
395,4091,4,3,3,1993,Urban,Excellent,No,1548087
396,1108,2,2,2,1990,Suburban,Excellent,Yes,741572
397,3262,3,2,2,1995,Rural,Good,No,1033041
398,2123,6,2,1,2015,Rural,Good,Yes,1060190
399,3284,1,1,1,2003,Suburban,Excellent,Yes,1148387
400,1526,5,4,1,1990,Rural,Good,Yes,867103
401,2329,6,2,2,1994,Urban,Good,Yes,1246271
402,3901,1,1,2,2013,Suburban,Excellent,No,1310909
403,3931,2,2,1,2023,Rural,Excellent,Yes,1350662
404,2038,6,2,3,1999,Suburban,Average,No,1035718
405,1489,1,1,1,1997,Rural,Average,No,453618
406,2358,3,2,1,2007,Rural,Excellent,Yes,998027
407,3061,5,5,2,1991,Rural,Good,Yes,1241351
408,3085,5,2,3,2015,Suburban,Average,Yes,1325067
409,4277,2,2,2,1997,Urban,Good,Yes,1473561
410,4240,1,1,2,1998,Suburban,Average,No,1178747
411,2837,6,2,2,1994,Urban,Average,Yes,1251043
412,1673,2,1,1,2015,Rural,Good,No,680819
413,3474,4,1,3,2024,Rural,Average,Yes,1243464
414,942,3,1,3,2003,Urban,Average,No,689846
415,3002,6,1,2,2017,Rural,Excellent,Yes,1304462
416,953,4,1,2,1993,Suburban,Average,Yes,619487
417,651,6,2,3,1990,Urban,Good,No,822495
418,2718,6,3,1,2013,Urban,Average,No,1302993
419,4230,1,1,2,2017,Suburban,Average,Yes,1295832
420,3517,5,1,2,2019,Rural,Good,Yes,1332482
421,4119,5,2,2,2000,Suburban,Excellent,Yes,1551148
422,3634,5,1,1,1990,Urban,Excellent,No,1398333
423,2168,2,2,1,2016,Urban,Good,Yes,1053239
424,4351,6,3,2,1994,Rural,Good,Yes,1526121
425,3357,1,1,1,2023,Urban,Good,Yes,1293014
426,2505,3,3,2,1995,Rural,Good,Yes,965277
427,1421,3,3,2,2005,Suburban,Good,No,833253
428,3778,2,2,1,1999,Urban,Good,Yes,1327429
429,2818,3,1,2,1990,Rural,Good,No,886772
430,1440,5,2,2,2021,Urban,Excellent,No,1076896
431,779,2,2,2,2013,Suburban,Average,Yes,621441
432,991,5,2,3,2015,Urban,Average,Yes,931527
433,3313,2,2,2,2006,Suburban,Good,No,1143704
434,2454,3,2,1,2002,Urban,Average,Yes,1033064
435,1032,2,2,2,2010,Suburban,Excellent,No,747524
436,1450,4,3,2,2006,Urban,Excellent,Yes,1095926
437,3410,3,3,1,2003,Suburban,Excellent,Yes,1343806
438,1616,3,3,3,1993,Rural,Good,No,766265
439,1312,1,1,2,2005,Urban,Good,Yes,791324
440,3851,2,1,1,1993,Urban,Excellent,Yes,1388200
441,2240,3,1,3,2006,Urban,Excellent,Yes,1144759
442,4296,6,4,1,1995,Suburban,Excellent,Yes,1670331
443,807,2,2,2,2015,Suburban,Excellent,No,712315
444,2347,2,2,1,2001,Suburban,Good,No,923236
445,1208,1,1,3,2005,Rural,Good,No,537760
446,4215,5,4,1,1995,Suburban,Good,Yes,1539774
447,1416,6,5,1,2024,Urban,Good,No,1163956
448,2830,4,3,3,2022,Suburban,Good,No,1247384
449,706,3,3,1,1991,Suburban,Excellent,No,639016
450,2064,5,2,1,1996,Urban,Average,Yes,1030547
451,2785,6,1,1,2014,Suburban,Excellent,Yes,1309202
452,3026,3,3,3,1991,Rural,Average,No,991921
453,2908,2,2,1,2021,Rural,Good,Yes,1060901
454,755,1,1,1,2004,Urban,Average,No,477144
455,1958,5,2,1,2011,Rural,Excellent,No,943663
456,689,2,2,3,1999,Urban,Average,No,577333
457,2130,6,4,3,1996,Suburban,Good,No,1116542
458,1245,6,4,3,2021,Rural,Good,Yes,1019245
459,2901,6,5,2,2004,Rural,Average,Yes,1239017
460,1856,6,3,1,2001,Rural,Excellent,No,1013075
461,3757,5,1,1,2010,Rural,Excellent,Yes,1384057
462,1176,3,1,1,2012,Suburban,Excellent,Yes,835568
463,3503,6,3,2,1990,Suburban,Excellent,Yes,1486087
464,877,3,3,1,1990,Urban,Good,No,715950
465,2318,2,2,2,2014,Suburban,Average,No,882607
466,3994,4,4,3,2004,Urban,Good,Yes,1642056
467,4064,1,1,1,2010,Suburban,Excellent,Yes,1331480
468,1296,4,2,3,1994,Rural,Excellent,No,765050
469,3113,4,1,2,2000,Rural,Good,Yes,1088369
470,1014,3,2,1,2016,Rural,Average,No,575372
471,1753,3,2,1,1993,Suburban,Average,No,702725
472,823,3,1,2,1995,Suburban,Average,No,504145
473,997,1,1,1,2008,Urban,Good,Yes,676548
474,3814,4,4,2,2006,Urban,Average,No,1435196
475,2119,4,3,1,2018,Urban,Good,No,1133658
476,1678,2,2,3,1993,Urban,Average,Yes,821776
477,3336,3,3,2,2004,Rural,Excellent,No,1223555
478,2740,4,4,3,2020,Rural,Excellent,No,1227385
479,923,4,1,3,2023,Rural,Average,Yes,667942
480,4488,4,2,1,2003,Urban,Excellent,Yes,1672106
481,920,6,4,1,1999,Rural,Good,No,773090
482,3578,1,1,2,2015,Rural,Good,No,1081218
483,2476,1,1,3,2023,Suburban,Excellent,No,1021526
484,1207,5,5,3,1996,Urban,Average,Yes,1016034
485,1771,5,3,2,2006,Suburban,Average,No,941108
486,3094,4,1,1,2007,Suburban,Excellent,No,1186221
487,2221,3,2,1,2020,Suburban,Good,Yes,1035762
488,3948,3,3,2,2021,Rural,Average,Yes,1359504
489,1533,2,2,3,2018,Suburban,Good,No,843907
490,3244,1,1,2,2003,Suburban,Average,No,1005454
491,2715,3,1,3,2000,Urban,Good,No,1111189
492,3796,5,5,1,2001,Urban,Excellent,Yes,1640470
493,735,4,1,2,2002,Suburban,Good,No,642803
494,2225,6,1,3,1991,Urban,Good,No,1147431
495,2427,2,2,3,2012,Suburban,Excellent,No,1086023
496,4003,6,1,2,1991,Suburban,Excellent,Yes,1550616
497,2943,2,2,3,2004,Rural,Excellent,No,1071162
498,2277,5,1,3,1990,Suburban,Excellent,Yes,1125336
499,3880,1,1,2,2009,Rural,Average,No,1057374
500,4267,4,3,2,2006,Urban,Good,No,1597120
501,2732,5,4,3,1996,Urban,Average,No,1256835
502,3251,5,5,2,2009,Rural,Excellent,No,1335403
503,1977,3,3,2,2006,Rural,Average,No,771284
504,1214,5,2,1,2015,Rural,Good,Yes,829350
505,704,6,4,2,2006,Suburban,Good,No,857162
506,744,5,5,1,2011,Rural,Average,Yes,737658
507,2789,6,4,3,2012,Rural,Good,Yes,1331672
508,3293,5,2,2,1996,Suburban,Excellent,No,1335985
509,3910,5,2,3,2011,Rural,Excellent,Yes,1492483
510,1514,6,3,2,2011,Suburban,Good,No,1007473
511,4086,1,1,1,1994,Suburban,Excellent,Yes,1306772
512,3388,4,4,2,2016,Urban,Excellent,Yes,1552486
513,2003,4,4,2,1999,Suburban,Average,Yes,1007708
514,931,4,3,3,2001,Suburban,Average,Yes,724128
515,2451,3,2,1,2000,Suburban,Excellent,Yes,1084490
516,2376,6,4,2,2017,Suburban,Good,Yes,1273192
517,2786,2,2,1,2010,Rural,Excellent,Yes,1062271
518,616,6,2,1,2012,Suburban,Excellent,Yes,863656
519,2661,5,3,1,1994,Urban,Good,No,1206299
520,3581,5,5,3,2011,Suburban,Average,Yes,1479281
521,4292,4,3,1,2000,Suburban,Excellent,Yes,1543941
522,3578,2,2,3,1991,Rural,Average,Yes,1054231
523,2101,6,1,2,2006,Rural,Average,Yes,965143
524,796,6,1,3,1991,Urban,Average,Yes,811433
525,2419,4,1,3,2006,Suburban,Average,Yes,1024647
526,3447,6,1,2,2016,Rural,Excellent,No,1373155
527,3080,6,2,2,1996,Rural,Average,Yes,1150127
528,1066,1,1,1,2002,Suburban,Average,Yes,520976
529,3481,4,3,1,1992,Rural,Good,Yes,1213922
530,4422,4,3,1,1990,Urban,Average,Yes,1547273
531,1052,5,4,1,1995,Rural,Excellent,Yes,845735
532,1648,6,2,2,2008,Suburban,Good,Yes,1021101
533,3930,2,1,2,2013,Rural,Good,No,1215000
534,1074,1,1,1,1998,Rural,Average,Yes,414819
535,2064,4,4,2,1995,Suburban,Good,Yes,1021540
536,2241,4,4,2,2014,Rural,Good,No,1031542
537,4229,2,1,1,1993,Urban,Excellent,No,1427098
538,3019,4,4,3,2018,Urban,Average,No,1372243
539,2068,5,1,3,1998,Suburban,Good,Yes,1070129
540,2284,4,1,1,2006,Rural,Good,Yes,947654
541,4156,6,5,3,2004,Rural,Good,Yes,1603687
542,3310,6,2,2,2012,Rural,Average,No,1205942
543,4036,5,5,1,1990,Rural,Excellent,No,1458748
544,2630,2,1,2,2010,Urban,Good,No,1051899
545,2676,2,2,3,2014,Suburban,Excellent,Yes,1179807
546,2419,5,4,1,2021,Suburban,Good,Yes,1253775
547,3652,6,1,1,2015,Suburban,Excellent,Yes,1542566
548,972,5,5,3,2009,Rural,Average,Yes,827739
549,3350,4,3,2,1993,Urban,Good,No,1335710
550,3743,5,5,2,2013,Rural,Good,Yes,1451845
551,3710,6,2,1,2011,Suburban,Average,No,1381093
552,2738,3,1,1,2000,Suburban,Excellent,No,1034369
553,1641,5,2,1,1997,Suburban,Excellent,No,958057
554,3800,2,2,1,2016,Urban,Average,Yes,1375603
555,4252,4,4,3,2022,Urban,Good,Yes,1753197
556,3615,1,1,2,2020,Rural,Excellent,Yes,1233173
557,3939,2,1,2,2010,Rural,Good,No,1196491
558,4351,6,2,2,2015,Suburban,Good,No,1639963
559,1146,2,2,3,2022,Suburban,Average,No,721773
560,3618,5,2,1,2003,Rural,Average,No,1197957
561,2014,6,2,3,2001,Rural,Average,No,938633
562,1072,3,3,2,2016,Rural,Average,No,657346
563,4070,4,1,3,1996,Urban,Good,Yes,1487877
564,3345,1,1,2,2000,Suburban,Average,No,975496
565,4038,1,1,1,2024,Urban,Good,No,1346076
566,3123,6,5,1,2014,Urban,Average,No,1453472
567,3321,1,1,2,2016,Rural,Good,Yes,1045469
568,3646,3,2,3,2018,Urban,Average,No,1398606
569,3010,5,5,1,2002,Suburban,Good,Yes,1349938
570,905,2,2,3,2022,Urban,Good,Yes,850182
571,1743,5,3,1,2000,Rural,Good,Yes,890123
572,2510,6,2,1,1999,Suburban,Average,Yes,1133902
573,4419,6,5,3,2009,Suburban,Average,No,1637956
574,3811,6,3,3,2004,Urban,Average,Yes,1610948
575,2669,2,2,3,2024,Suburban,Excellent,No,1152676
576,4218,2,2,2,2013,Suburban,Excellent,No,1446747
577,3973,6,1,1,2012,Suburban,Excellent,Yes,1549673
578,3395,3,3,1,2014,Suburban,Average,No,1169519
579,4332,5,3,3,2022,Suburban,Good,Yes,1685467
580,4279,6,2,2,2022,Urban,Excellent,Yes,1850060
581,2803,5,1,3,1994,Urban,Average,Yes,1244345
582,3407,4,1,1,2024,Rural,Average,No,1152913
583,3945,1,1,1,2019,Rural,Good,Yes,1174635
584,900,1,1,2,1994,Rural,Excellent,No,460714
585,2189,4,4,2,2010,Urban,Good,Yes,1226630
586,624,6,5,1,1992,Rural,Excellent,No,743233
587,1034,3,3,3,1995,Suburban,Good,No,708374
588,3967,6,1,2,2000,Rural,Excellent,Yes,1481679
589,2201,5,3,3,1999,Suburban,Average,No,995950
590,2867,5,2,1,1992,Urban,Average,No,1158942
591,2842,1,1,1,2012,Urban,Good,Yes,1088788
592,1353,2,2,2,2002,Urban,Excellent,Yes,931456
593,3676,5,4,3,1994,Suburban,Average,Yes,1396149
594,1002,2,2,2,2011,Suburban,Excellent,Yes,750996
595,1767,5,1,1,2010,Suburban,Good,No,934132
596,3300,3,3,1,2013,Suburban,Good,Yes,1253316
597,1882,2,2,3,2017,Suburban,Good,Yes,971576
598,3602,3,3,2,2018,Suburban,Good,No,1350594
599,1045,2,2,1,2007,Urban,Average,Yes,700151
600,3604,6,1,3,1994,Urban,Average,Yes,1467137
601,2983,5,4,3,2003,Urban,Average,No,1338876
602,4261,5,4,3,1999,Suburban,Good,Yes,1646841
603,3762,5,3,1,2019,Rural,Average,Yes,1354643
604,2090,5,1,3,2005,Rural,Average,Yes,944424
605,2705,2,2,1,2001,Rural,Average,Yes,892329
606,3598,4,3,1,2004,Suburban,Excellent,Yes,1409884
607,2113,2,1,3,2003,Rural,Good,No,782640
608,4359,4,1,1,2010,Urban,Average,No,1498694
609,3638,3,3,3,2001,Suburban,Average,No,1243300
610,3007,6,1,3,2006,Suburban,Excellent,No,1333667
611,3947,3,3,2,1990,Rural,Excellent,No,1259193
612,1542,1,1,3,2007,Urban,Excellent,Yes,892552
613,2083,5,1,3,2004,Suburban,Good,Yes,1070816
614,3365,4,4,1,2000,Rural,Good,Yes,1221269
615,776,2,2,3,2000,Urban,Average,Yes,704099
616,2944,2,1,1,2006,Urban,Average,No,1055959
617,2908,6,1,3,2008,Urban,Excellent,No,1426509
618,2530,4,2,1,2016,Rural,Excellent,Yes,1126442
619,3301,5,3,1,2011,Suburban,Average,Yes,1300281
620,2149,4,2,1,1991,Urban,Average,No,965946
621,1212,5,1,1,2020,Rural,Average,Yes,769164
622,3810,5,5,1,1995,Suburban,Average,Yes,1452312
623,3071,5,1,3,2017,Rural,Good,No,1225952
624,777,6,5,2,2004,Suburban,Good,No,885543
625,3895,6,5,1,2017,Urban,Good,No,1700091
626,1552,1,1,3,2024,Suburban,Good,Yes,802798
627,3504,6,1,3,2023,Urban,Average,Yes,1532457
628,3281,2,2,2,2013,Urban,Excellent,No,1336521
629,2997,3,3,3,2017,Rural,Good,No,1156944
630,2227,2,2,3,2020,Urban,Good,No,1071571
631,1856,5,3,3,2015,Rural,Excellent,Yes,1112328
632,1541,4,2,1,2003,Rural,Good,No,758504
633,2855,5,1,1,2014,Rural,Excellent,Yes,1223052
634,1195,4,4,2,1995,Urban,Good,Yes,937203
635,927,5,1,3,2014,Suburban,Average,No,761575
636,3047,1,1,3,2021,Suburban,Excellent,Yes,1235082
637,3290,5,3,1,1992,Rural,Average,Yes,1157117
638,1294,6,1,2,2005,Rural,Excellent,Yes,870371
639,1730,4,3,3,2015,Suburban,Average,Yes,989530
640,662,6,1,1,2008,Rural,Average,No,565412
641,3940,3,2,3,2002,Suburban,Good,Yes,1386911
642,1316,4,4,1,1994,Rural,Good,No,688188
643,3888,5,3,3,2006,Rural,Good,No,1401267
644,2580,2,2,2,2019,Rural,Excellent,No,991219
645,1656,1,1,3,2004,Rural,Average,Yes,647759
646,1893,4,3,3,2024,Urban,Average,No,1083729
647,1776,1,1,3,2011,Urban,Average,Yes,860951
648,1885,3,2,3,2007,Urban,Average,Yes,1000402
649,3619,2,2,3,2005,Suburban,Excellent,Yes,1334468
650,4019,2,2,2,1999,Urban,Excellent,Yes,1494470
651,3317,4,4,1,2024,Urban,Good,No,1461416
652,1891,4,4,2,2021,Urban,Average,No,1086095
653,1509,5,2,1,2023,Suburban,Good,Yes,1001910
654,2022,4,2,2,1997,Rural,Average,No,773526
655,3423,1,1,3,2003,Suburban,Average,Yes,1091387
656,2081,5,3,1,2006,Urban,Good,No,1136999
657,2005,3,2,2,2017,Urban,Good,No,1043025
658,4099,4,3,2,2001,Rural,Excellent,Yes,1479138
659,1009,6,3,1,2017,Suburban,Excellent,Yes,1027411
660,3625,2,2,1,2001,Suburban,Good,Yes,1255041
661,4079,6,5,3,2010,Suburban,Good,No,1659220
662,4116,5,1,2,1996,Rural,Excellent,Yes,1413640
663,3933,3,3,3,1996,Suburban,Average,No,1281284
664,2078,3,3,3,2006,Suburban,Excellent,No,1024105
665,2038,6,5,1,2024,Urban,Good,No,1290665
666,3357,5,4,3,2018,Urban,Good,No,1535932
667,3187,2,2,3,2011,Suburban,Average,No,1135773
668,4315,1,1,1,2011,Urban,Good,No,1391095
669,1793,6,3,3,2015,Suburban,Good,No,1128474
670,3004,5,4,2,2000,Urban,Excellent,Yes,1488575
671,1561,6,3,3,1995,Urban,Excellent,No,1105170
672,991,1,1,3,1993,Urban,Good,Yes,651831
673,1675,5,2,1,2014,Suburban,Excellent,Yes,1077838
674,1763,4,2,1,2023,Urban,Excellent,Yes,1168346
675,2061,3,3,2,2024,Suburban,Average,No,948274
676,4484,6,5,1,2019,Rural,Average,No,1581785
677,3220,6,5,2,2012,Suburban,Average,Yes,1459137
678,966,4,3,2,2016,Suburban,Excellent,No,837211
679,600,5,2,2,2008,Suburban,Average,Yes,719073
680,4376,4,4,2,1990,Suburban,Good,Yes,1554936
681,629,5,3,1,2016,Rural,Good,No,653757
682,1268,6,4,2,2004,Suburban,Excellent,No,1025941
683,1581,5,5,3,2007,Suburban,Average,No,977880
684,1370,1,1,1,2008,Urban,Average,No,668883
685,2454,3,3,2,2002,Suburban,Excellent,Yes,1111132
686,2791,1,1,1,2008,Suburban,Excellent,No,1018671
687,633,2,1,1,1990,Suburban,Excellent,No,501801
688,1876,4,3,2,1992,Suburban,Excellent,Yes,994392
689,1691,4,1,3,2020,Urban,Excellent,No,1120579
690,2162,1,1,3,2005,Suburban,Good,Yes,908980
691,737,2,2,3,1996,Rural,Average,Yes,472127
692,2193,6,3,2,2000,Rural,Average,Yes,1031266
693,4439,5,5,1,2006,Suburban,Average,No,1538603
694,2076,1,1,1,2005,Rural,Good,No,652707
695,1285,3,3,1,2015,Urban,Excellent,Yes,1005781
696,3809,6,4,3,1999,Suburban,Excellent,Yes,1609314
697,2647,1,1,2,1993,Urban,Good,Yes,1030302
698,2796,1,1,2,2004,Suburban,Average,No,913910
699,4252,4,2,1,2014,Suburban,Average,Yes,1442869
700,4280,1,1,3,2018,Rural,Good,No,1251037
701,2921,2,2,2,2010,Rural,Good,No,1019483
702,4005,5,5,1,1994,Rural,Excellent,No,1431477
703,3956,3,3,2,2019,Urban,Average,No,1474400
704,1359,1,1,2,2005,Suburban,Average,Yes,642121
705,2807,4,2,3,2021,Rural,Excellent,No,1187681
706,2278,6,3,1,1996,Rural,Average,Yes,963028
707,4020,2,2,1,2002,Urban,Good,Yes,1383871
708,730,5,4,3,2021,Rural,Average,No,702816
709,2100,2,2,3,1994,Urban,Excellent,No,1041311
710,4008,1,1,3,1993,Suburban,Average,No,1162632
711,2111,6,1,3,2007,Rural,Excellent,Yes,1132106
712,1844,1,1,3,1996,Urban,Average,Yes,819522
713,2178,2,2,3,2005,Rural,Average,Yes,830756
714,3668,5,4,3,1996,Rural,Average,No,1290163
715,2478,6,4,1,2000,Urban,Average,No,1213235
716,1982,6,2,3,2018,Suburban,Good,No,1158408
717,2122,4,4,3,2010,Rural,Excellent,Yes,1106420
718,3736,5,3,2,2018,Suburban,Good,Yes,1541519
719,741,3,3,1,2023,Urban,Good,Yes,839702
720,1508,2,2,1,2007,Rural,Average,Yes,610939
721,754,4,3,1,1998,Suburban,Good,Yes,698149
722,1649,3,1,3,2015,Rural,Excellent,Yes,905200
723,1929,4,2,2,1996,Rural,Average,No,730829
724,3593,5,4,1,1993,Suburban,Good,No,1344757
725,4410,1,1,3,1990,Rural,Average,No,1098747
726,1848,5,1,2,2024,Rural,Excellent,No,995485
727,3458,2,2,1,2015,Suburban,Average,Yes,1170314
728,2369,3,3,1,1998,Suburban,Excellent,No,1035629
729,3652,1,1,2,2006,Urban,Good,No,1258153
730,3458,2,2,2,2002,Suburban,Good,Yes,1225536
731,3123,6,5,1,2005,Urban,Good,No,1453255
732,3404,5,1,1,2016,Suburban,Good,No,1290363
733,1913,3,3,3,1991,Suburban,Excellent,No,960244
734,3965,4,4,1,2018,Urban,Excellent,Yes,1694215
735,2131,2,1,1,1993,Urban,Average,Yes,892754
736,4009,3,1,2,1997,Suburban,Good,No,1261470
737,1959,2,2,1,2003,Rural,Average,No,673946
738,2578,5,2,3,1991,Suburban,Average,Yes,1082901
739,1297,1,1,1,2007,Urban,Good,Yes,722704
740,2191,6,3,3,2013,Urban,Excellent,No,1365866
741,4218,6,4,1,2014,Rural,Average,Yes,1548196
742,1892,4,4,3,1995,Urban,Excellent,No,1137985
743,4394,6,1,1,2005,Rural,Good,No,1443788
744,2211,6,2,1,2012,Rural,Good,No,1030395
745,1838,2,2,2,1993,Rural,Good,No,714713
746,3937,1,1,2,2004,Urban,Good,No,1305192
747,1162,1,1,3,2004,Suburban,Excellent,Yes,724588
748,1879,5,3,2,2024,Urban,Excellent,Yes,1297458
749,2817,6,2,1,2009,Rural,Average,Yes,1128924
750,4323,2,2,1,2010,Urban,Average,Yes,1428127
751,1900,2,1,2,2016,Suburban,Good,No,870864
752,4424,6,3,1,2002,Urban,Excellent,Yes,1757996
753,3722,5,5,2,2004,Rural,Excellent,Yes,1509887
754,706,3,1,3,2020,Urban,Average,No,726982
755,3260,3,2,2,2021,Suburban,Excellent,Yes,1343865
756,1526,1,1,1,2007,Suburban,Excellent,Yes,788381
757,1437,1,1,2,2021,Rural,Good,No,658308
758,1610,4,4,1,2014,Rural,Good,No,865275
759,4446,6,5,3,2024,Rural,Average,Yes,1693241
760,1047,4,4,1,2005,Rural,Average,No,653520
761,760,5,4,3,1993,Urban,Good,No,860285
762,4222,3,3,2,2000,Suburban,Good,Yes,1474056
763,2717,2,2,3,2018,Urban,Average,Yes,1156521
764,3789,5,5,1,2015,Suburban,Good,No,1480212
765,1332,4,4,3,2002,Suburban,Excellent,No,937278
766,3433,6,2,3,1997,Urban,Excellent,No,1529814
767,2086,1,1,3,2014,Rural,Average,Yes,754737
768,2854,4,1,1,2011,Rural,Average,Yes,997504
769,4158,2,2,3,1993,Suburban,Good,No,1329611
770,3748,4,3,3,2001,Urban,Excellent,Yes,1553791
771,3150,3,1,2,2021,Suburban,Average,Yes,1196844
772,4215,4,2,1,2020,Suburban,Good,No,1457503
773,3062,5,1,1,2007,Rural,Average,Yes,1069845
774,1357,2,1,3,2012,Urban,Excellent,Yes,955252
775,2967,5,3,2,1995,Urban,Excellent,No,1344421
776,1260,6,3,3,2001,Suburban,Average,No,848548
777,981,3,3,2,2014,Urban,Good,Yes,881011
778,2528,2,1,3,2007,Suburban,Average,No,923543
779,1459,6,2,3,1993,Urban,Average,Yes,999677
780,3565,6,5,3,2008,Suburban,Average,No,1458317
781,2752,5,5,2,1998,Rural,Average,No,1091499
782,3586,6,4,2,2001,Rural,Excellent,No,1405604
783,606,1,1,2,1997,Rural,Excellent,No,408454
784,786,3,3,3,2003,Urban,Average,Yes,785140
785,1753,3,1,2,2009,Rural,Average,No,711928
786,625,1,1,2,2015,Rural,Average,Yes,442028
787,1319,2,2,2,2020,Suburban,Excellent,Yes,881735
788,1236,6,4,3,2011,Suburban,Good,Yes,1075649
789,2734,3,3,3,2010,Rural,Average,Yes,1030128
790,2965,6,3,2,1994,Urban,Good,Yes,1390526
791,2136,6,5,1,2014,Urban,Average,Yes,1297582
792,3804,3,3,3,1992,Suburban,Good,Yes,1362454
793,4192,2,2,2,2009,Urban,Average,No,1369709
794,1059,3,1,1,1995,Suburban,Average,Yes,620344
795,2576,5,2,1,2011,Suburban,Average,No,1096545
796,1940,2,1,3,1998,Urban,Average,Yes,893905
797,2187,6,5,1,1990,Suburban,Excellent,Yes,1207982
798,2512,1,1,3,2009,Urban,Average,No,975507
799,4254,2,2,1,2002,Suburban,Good,No,1339525
800,2406,6,1,2,1999,Urban,Good,Yes,1206319
801,3151,5,5,1,2003,Rural,Good,No,1217983
802,1179,6,3,3,2005,Urban,Excellent,No,1094570
803,4254,3,3,2,1993,Urban,Excellent,No,1567078
804,3366,1,1,2,1993,Urban,Good,No,1104249
805,3486,5,5,3,2018,Rural,Good,No,1405699
806,3948,2,2,1,2019,Rural,Excellent,Yes,1362831
807,3886,6,4,1,2019,Suburban,Average,No,1506757
808,1549,2,2,3,2006,Suburban,Good,Yes,855629
809,4357,6,3,2,2019,Suburban,Excellent,Yes,1775691
810,1062,3,3,2,2000,Suburban,Good,Yes,766928
811,1021,4,1,2,1994,Suburban,Average,No,606887
812,3018,4,2,3,2005,Rural,Excellent,No,1174113
813,870,3,2,3,2017,Suburban,Average,No,680086
814,3443,2,2,3,1994,Rural,Average,No,985952
815,3025,5,4,2,1996,Suburban,Excellent,No,1316094
816,885,5,1,3,2014,Suburban,Good,Yes,821633
817,1491,2,2,3,1990,Urban,Average,Yes,792706
818,2776,3,3,3,2018,Urban,Excellent,No,1327363
819,2935,6,3,2,2012,Urban,Average,Yes,1413774
820,2690,4,2,2,1993,Suburban,Average,Yes,1023855
821,3480,5,3,1,2008,Urban,Excellent,No,1518620
822,3017,4,3,3,2014,Suburban,Good,No,1280464
823,1465,6,2,2,1998,Urban,Average,No,969568
824,4386,3,3,1,2008,Rural,Excellent,Yes,1442680
825,893,6,1,1,2021,Rural,Good,Yes,761008
826,1162,6,4,2,2017,Rural,Excellent,No,957025
827,2337,5,4,2,2012,Urban,Excellent,No,1331761
828,630,5,4,3,2005,Rural,Average,No,640524
829,4395,5,5,2,1992,Urban,Average,No,1621095
830,2109,1,1,2,1995,Urban,Average,No,794450
831,2717,1,1,3,1995,Urban,Good,Yes,1077571
832,3195,5,5,2,1993,Suburban,Average,Yes,1305627
833,2459,5,4,3,2011,Suburban,Good,No,1208933
834,1286,1,1,3,2009,Rural,Average,No,487945
835,3177,4,4,1,1993,Rural,Good,Yes,1154736
836,2585,1,1,3,1994,Suburban,Good,Yes,950056
837,1750,3,3,1,1997,Rural,Excellent,Yes,861198
838,2429,3,2,2,2005,Suburban,Excellent,Yes,1106848
839,945,2,2,1,2021,Suburban,Good,Yes,730197
840,2402,6,2,1,2012,Urban,Average,No,1200951
841,3956,1,1,1,2019,Suburban,Good,No,1242532
842,3656,5,2,2,2014,Suburban,Good,Yes,1465083
843,4164,4,1,2,2018,Suburban,Average,No,1402830
844,3397,1,1,3,2012,Suburban,Average,No,1072292
845,1707,3,1,2,2015,Suburban,Average,Yes,863663
846,3352,5,2,3,2011,Rural,Average,Yes,1246970
847,2843,1,1,1,1990,Suburban,Excellent,Yes,1005384
848,2426,3,2,3,2008,Suburban,Excellent,Yes,1122273
849,3137,1,1,3,2003,Rural,Average,Yes,963544
850,1091,1,1,1,2014,Rural,Average,Yes,519740
851,1054,6,2,2,2008,Suburban,Average,Yes,865743
852,2457,3,3,3,2010,Suburban,Excellent,Yes,1183712
853,3783,1,1,2,2011,Urban,Good,No,1267920
854,2404,1,1,1,2015,Urban,Average,No,890986
855,1189,5,4,1,1996,Suburban,Average,No,747349
856,742,1,1,3,2006,Suburban,Excellent,No,571995
857,3274,6,1,1,2014,Suburban,Excellent,No,1410565
858,2202,5,1,3,2021,Suburban,Good,No,1138755
859,3580,1,1,1,1990,Suburban,Average,No,960543
860,2923,5,3,2,2009,Suburban,Excellent,Yes,1363003
861,2789,3,1,2,2008,Rural,Excellent,Yes,1091918
862,761,4,2,2,2014,Urban,Average,No,755303
863,947,6,4,3,2002,Urban,Excellent,Yes,1073002
864,3548,5,2,2,2014,Urban,Average,No,1419307
865,2787,4,1,1,2011,Urban,Good,Yes,1238715
866,1084,2,2,2,2024,Urban,Average,Yes,789200
867,751,6,2,2,1991,Suburban,Average,Yes,705124
868,3472,6,2,1,2001,Rural,Excellent,No,1336627
869,3850,1,1,3,2000,Rural,Excellent,Yes,1189482
870,2636,5,5,1,1994,Urban,Good,No,1284103
871,4023,6,4,2,1997,Rural,Average,Yes,1424135
872,4026,2,1,3,2001,Suburban,Excellent,Yes,1382669
873,1178,4,2,3,2013,Rural,Excellent,No,792127
874,4391,5,1,1,1996,Rural,Average,No,1315984
875,1246,1,1,1,1990,Urban,Excellent,Yes,745436
876,3269,5,3,2,2020,Rural,Excellent,Yes,1378557
877,3220,3,3,2,2016,Urban,Excellent,Yes,1461477
878,1337,6,4,3,1995,Rural,Good,No,866585
879,618,5,2,1,1997,Rural,Excellent,No,645499
880,3717,5,5,1,2019,Rural,Average,Yes,1396855
881,817,2,1,1,2020,Suburban,Excellent,Yes,728658
882,4379,1,1,3,2013,Suburban,Excellent,No,1406854
883,1969,5,4,1,1996,Rural,Excellent,Yes,1002537
884,3817,1,1,3,1997,Urban,Excellent,No,1331583
885,2974,3,3,1,2010,Urban,Excellent,No,1284207
886,1001,2,2,1,2014,Urban,Excellent,No,809564
887,2584,1,1,1,2003,Rural,Good,Yes,830864
888,2129,2,2,3,2002,Rural,Good,No,794632
889,1975,2,1,3,1993,Suburban,Excellent,Yes,937313
890,2506,4,4,1,2011,Urban,Good,Yes,1292063
891,3854,6,5,1,2004,Urban,Good,No,1645385
892,1486,5,4,2,2007,Urban,Average,No,1013166
893,4174,2,2,2,2017,Rural,Excellent,Yes,1436163
894,2949,1,1,1,1992,Suburban,Average,Yes,899678
895,2775,4,4,3,1996,Suburban,Good,Yes,1204945
896,2887,1,1,1,1998,Suburban,Good,Yes,984583
897,971,1,1,3,2009,Urban,Average,No,650844
898,2936,6,5,1,2019,Suburban,Excellent,No,1429040
899,3835,3,3,3,1990,Rural,Excellent,No,1307252
900,3429,3,3,1,2008,Suburban,Good,Yes,1313002
901,3404,1,1,2,1993,Rural,Average,No,919074
902,811,1,1,2,2019,Rural,Excellent,No,538434
903,1317,6,5,3,1994,Rural,Average,Yes,859810
904,1971,2,2,1,2020,Rural,Average,Yes,807979
905,3651,2,2,2,2007,Rural,Average,No,1069382
906,823,1,1,2,2018,Suburban,Average,Yes,563872
907,3507,5,5,2,2018,Rural,Good,Yes,1425883
908,4253,4,1,1,2015,Urban,Good,Yes,1557827
909,1274,3,1,3,1999,Suburban,Excellent,Yes,835403
910,4499,6,1,2,2016,Rural,Average,Yes,1524837
911,2020,4,4,3,1991,Suburban,Excellent,Yes,1074844
912,4170,2,2,3,2011,Suburban,Average,No,1339375
913,3246,3,3,3,2023,Rural,Good,No,1211048
914,2923,2,2,1,2006,Urban,Good,No,1120943
915,3752,1,1,2,2008,Suburban,Excellent,Yes,1304089
916,2792,3,2,1,1999,Urban,Excellent,Yes,1207936
917,1896,5,2,2,2006,Suburban,Excellent,Yes,1107983
918,3496,1,1,2,1999,Suburban,Good,Yes,1140092
919,1835,1,1,2,2021,Urban,Good,No,877927
920,617,6,5,3,2011,Rural,Average,No,745798
921,4269,3,3,3,1999,Rural,Average,No,1282376
922,3422,1,1,1,1998,Rural,Average,Yes,930030
923,701,4,4,1,2018,Suburban,Excellent,No,794826
924,3090,6,2,3,2023,Urban,Good,Yes,1508277
925,942,5,4,3,1995,Rural,Good,Yes,784383
926,1901,5,5,3,1993,Rural,Good,No,944915
927,3532,4,3,2,2013,Urban,Good,No,1442066
928,1861,4,4,1,2003,Rural,Good,No,889090
929,2412,3,2,3,2017,Rural,Good,Yes,1058396
930,3005,5,1,1,2003,Suburban,Good,No,1142432
931,4422,5,4,1,1990,Suburban,Average,No,1455005
932,1316,5,4,3,1998,Urban,Excellent,No,1055490
933,2868,4,1,2,2009,Suburban,Average,No,1061674
934,709,1,1,2,2009,Rural,Average,No,340118
935,3278,6,3,2,2001,Suburban,Average,Yes,1317024
936,1088,3,3,1,2013,Rural,Good,No,683267
937,1656,6,4,3,1997,Suburban,Average,Yes,1052716
938,1663,2,2,1,1999,Suburban,Good,Yes,780281
939,1268,1,1,2,2016,Rural,Good,Yes,611956
940,1794,5,1,3,2002,Rural,Excellent,Yes,976920
941,3682,2,2,2,2010,Rural,Good,No,1174961
942,3458,6,3,1,2024,Rural,Good,Yes,1392605
943,1160,5,3,2,2021,Suburban,Good,Yes,945912
944,1492,2,2,1,2002,Rural,Average,Yes,608591
945,2486,1,1,1,1991,Suburban,Good,No,821208
946,2085,2,2,3,2023,Suburban,Excellent,No,1007584
947,3649,1,1,1,1999,Rural,Excellent,No,1041994
948,1459,2,1,2,1997,Urban,Excellent,No,848612
949,2366,1,1,1,1992,Rural,Average,Yes,684261
950,1087,3,1,1,2009,Rural,Excellent,Yes,711413
951,1107,5,2,3,2002,Urban,Average,No,828457
952,971,2,2,3,2012,Suburban,Excellent,Yes,799709
953,2935,1,1,3,1990,Rural,Excellent,Yes,959171
954,1303,5,1,3,1996,Urban,Average,No,839676
955,3459,5,2,2,1996,Urban,Good,No,1382773
956,1477,5,2,2,1997,Suburban,Excellent,No,900169
957,2728,2,2,2,2008,Rural,Average,Yes,907550
958,1943,4,1,2,2008,Suburban,Average,No,884486
959,4045,4,2,3,2016,Suburban,Good,Yes,1555049
960,885,4,3,1,1990,Rural,Good,Yes,615676
961,2394,5,1,1,1999,Suburban,Good,Yes,1086270
962,4389,2,1,2,2002,Suburban,Excellent,No,1381625
963,1553,4,4,2,2007,Rural,Good,No,840843
964,3330,5,4,2,2022,Suburban,Excellent,No,1467680
965,1100,3,3,2,2004,Rural,Excellent,Yes,734527
966,3622,1,1,2,1991,Urban,Good,No,1150849
967,1840,5,5,1,1994,Rural,Average,No,867752
968,2508,2,2,3,2021,Suburban,Average,No,1006309
969,2007,5,5,1,1992,Suburban,Excellent,No,1084038
970,1888,4,4,2,1992,Urban,Excellent,No,1121339
971,3492,2,2,2,1998,Suburban,Average,No,1102185
972,3729,1,1,3,2021,Rural,Average,No,1100569
973,2902,2,2,1,2015,Suburban,Good,No,1083871
974,3370,3,3,2,1993,Urban,Average,Yes,1251801
975,4028,3,3,3,1991,Rural,Good,No,1241539
976,2353,3,3,2,2012,Urban,Average,Yes,1111887
977,1561,6,3,3,1995,Rural,Excellent,No,925921
978,1982,2,1,3,2010,Urban,Good,No,968267
979,2708,4,3,1,2020,Rural,Excellent,No,1145515
980,2936,4,3,3,1996,Suburban,Excellent,Yes,1286937
981,2634,5,3,1,2009,Suburban,Good,Yes,1223048
982,3202,1,1,1,2008,Suburban,Excellent,No,1099026
983,2246,2,2,3,1995,Rural,Average,Yes,807908
984,1979,3,1,3,2023,Suburban,Good,Yes,1015141
985,3858,1,1,3,2009,Suburban,Average,No,1152872
986,2297,4,3,3,2022,Suburban,Average,Yes,1166070
987,676,6,5,1,2021,Urban,Average,No,915279
988,4438,6,5,3,2017,Rural,Average,Yes,1663587
989,1421,3,3,1,2005,Urban,Average,No,842940
990,2383,4,3,1,2003,Suburban,Good,No,1053599
991,1257,3,3,1,2015,Urban,Excellent,Yes,974117
992,713,2,2,2,2021,Rural,Good,No,563256
993,4309,1,1,1,2007,Urban,Excellent,No,1442731
994,3891,3,3,1,1992,Rural,Good,Yes,1212645
995,4120,1,1,3,2009,Urban,Good,No,1391418
996,3292,1,1,3,1998,Urban,Excellent,Yes,1265447
997,3320,5,5,2,2021,Urban,Excellent,Yes,1675071
998,3904,3,3,3,2014,Rural,Average,Yes,1317593
999,1492,2,1,1,2003,Suburban,Good,No,671906
1000,4134,5,1,2,2024,Suburban,Average,Yes,1506221
